{
  "A": 306286826.2166291,
  "AAPL": 16095423263.66899,
  "ABBV": 2220505794.3711824,
  "ABNB": 651441255.8821261,
  "ABT": 1949593090.5529337,
  "ACGL": 382774093.3791727,
  "ACN": 493719374.4818319,
  "ADBE": 344381897.9109184,
  "ADI": 693843763.2433959,
  "ADM": 582628498.7277353,
  "ADP": 375079309.7437685,
  "ADSK": 205348961.2577204,
  "AEE": 306964447.97819173,
  "AEP": 667746658.1114318,
  "AES": 848383527.454243,
  "AFL": 566929398.9503912,
  "AIG": 577308085.106383,
  "AIZ": 59920068.36919365,
  "AJG": 236744468.83383855,
  "AKAM": 142554818.39649162,
  "ALB": 219385646.5965561,
  "ALGN": 58446539.69451254,
  "ALL": 306820708.32642686,
  "ALLE": 110898819.42793757,
  "AMAT": 1391311972.03612,
  "AMCR": 2121924548.352816,
  "AMD": 2850475698.03516,
  "AME": 275277547.5447062,
  "AMGN": 669635434.5421957,
  "AMP": 91514316.7533173,
  "AMT": 454787213.19036084,
  "AMZN": 12078861788.617886,
  "ANET": 1353450236.1378345,
  "AON": 215728562.84512603,
  "AOS": 145295220.47943178,
  "APA": 377435177.3648649,
  "APD": 200291729.2206906,
  "APH": 2443925925.9259257,
  "APO": 544676105.2834803,
  "APTV": 322826621.73546755,
  "ARE": 98193157.17443942,
  "ATO": 196783493.8704028,
  "AVB": 120500450.728282,
  "AVGO": 7291681155.543667,
  "AVY": 78775559.88315481,
  "AWK": 206231588.5072655,
  "AXON": 87450789.4736842,
  "AXP": 882167064.4391408,
  "AZO": 17433328.61730005,
  "BA": 1067754069.7674419,
  "BAC": 9041108401.68477,
  "BALL": 286588156.12382233,
  "BAX": 368156356.2202583,
  "BBY": 177678275.48937193,
  "BDX": 247208114.00693285,
  "BEN": 699732217.5732217,
  "BF.B": 355982870.64382756,
  "BG": 238046909.6281704,
  "BIIB": 184950141.11006585,
  "BK": 1100668788.119862,
  "BKNG": 37352005.992130056,
  "BKR": 1139831021.72908,
  "BLDR": 98492283.50957416,
  "BLK": 176169164.12038007,
  "BMY": 2036847572.9894323,
  "BR": 117729025.55766279,
  "BRK.B": 2431701531.649573,
  "BRO": 270055615.497793,
  "BSX": 1525564924.1146712,
  "BX": 1166323324.2341523,
  "BXP": 158073367.57153338,
  "C": 3040306722.6890755,
  "CAG": 312397031.6114109,
  "CAH": 393047133.3388172,
  "CARR": 712288377.6875657,
  "CAT": 823457549.8575499,
  "CB": 468531682.89938307,
  "CBOE": 143013459.72556823,
  "CBRE": 398154281.55575323,
  "CCI": 432070793.31198865,
  "CCL": 1735258755.6654305,
  "CDNS": 297973612.0401338,
  "CDW": 94897619.3076335,
  "CEG": 350488548.1175661,
  "CF": 145149954.93465525,
  "CFG": 600387990.7621248,
  "CHD": 203099585.88049695,
  "CHRW": 198253636.0062893,
  "CHTR": 81376929.73812297,
  "CI": 267087530.01899707,
  "CINF": 187560554.65407875,
  "CL": 760516095.4145437,
  "CLX": 82205369.0423304,
  "CMCSA": 3035152671.755725,
  "CME": 412908333.3333334,
  "CMG": 938700353.9823009,
  "CMI": 214744251.5779982,
  "CMS": 327229067.44507605,
  "CNC": 370526443.47404176,
  "CNP": 793366901.8601668,
  "COF": 903786867.4767529,
  "COIN": 250900996.98585674,
  "COO": 181091462.739453,
  "COP": 1182249803.7676609,
  "COR": 275717261.526737,
  "COST": 438156018.52840096,
  "CPAY": 66566491.57553317,
  "CPB": 208788765.23582405,
  "CPRT": 692957225.0179727,
  "CPT": 106044430.19421034,
  "CRL": 58414947.34579841,
  "CRM": 766285354.7270725,
  "CRWD": 340098612.544433,
  "CSCO": 4969473953.013279,
  "CSGP": 354793044.22498924,
  "CSX": 2062530522.341095,
  "CTAS": 407959270.9984152,
  "CTRA": 680496579.0421318,
  "CTSH": 546341476.3674988,
  "CTVA": 812559117.1833946,
  "CVS": 2123211830.8685691,
  "CVX": 2131461407.8620872,
  "CZR": 159948425.07158765,
  "D": 927325154.523319,
  "DAL": 705238834.9514563,
  "DASH": 546120620.7383024,
  "DAY": 158054204.01195046,
  "DD": 603594541.2693193,
  "DDOG": 313386056.1173622,
  "DE": 323075605.1594586,
  "DECK": 72879421.68674698,
  "DELL": 696467892.3063519,
  "DG": 440299467.48878926,
  "DGX": 127841886.8173134,
  "DHI": 335365807.2077351,
  "DHR": 716265367.7627941,
  "DIS": 1904089277.4965484,
  "DLR": 314192742.5868236,
  "DLTR": 361100000,
  "DOC": 590671922.6856562,
  "DOV": 150783380.5271183,
  "DOW": 486091168.83116883,
  "DPZ": 34017995.178087644,
  "DRI": 129427730.2521942,
  "DTE": 226650562.9305999,
  "DUK": 857946821.573628,
  "DVA": 51293155.149934806,
  "DVN": 623291191.9977771,
  "DXCM": 338054269.5473251,
  "EA": 362418601.34895283,
  "EBAY": 623540515.9332321,
  "ECL": 335032343.722793,
  "ED": 406221440.7260351,
  "EFX": 113683445.87681605,
  "EG": 39562825.2998416,
  "EIX": 361048615.38461536,
  "EL": 557981892.4438393,
  "ELV": 217387590.1875902,
  "EMN": 89906453.46171482,
  "EMR": 686887909.1063253,
  "ENPH": 69057222.05573869,
  "EOG": 433219922.38033634,
  "EPAM": 51890656.85666164,
  "EQIX": 87331195.89255747,
  "EQR": 343324723.7981487,
  "EQT": 650689387.755102,
  "ERIE": 37684590.484020144,
  "ES": 457200611.1810174,
  "ESS": 59458256.712026484,
  "ETN": 369130765.8515156,
  "ETR": 548178763.6172726,
  "EVRG": 279869616.02671117,
  "EW": 672853990.7382184,
  "EXC": 1172803485.2546918,
  "EXE": 236957317.670093,
  "EXPD": 195202035.01695848,
  "EXPE": 201498668.1465039,
  "EXR": 201272974.9982969,
  "F": 5955776842.105263,
  "FANG": 241670423.98580992,
  "FAST": 1345464544.946957,
  "FCX": 2082430990.2514112,
  "FDS": 24113460.77435875,
  "FDX": 271277508.95726365,
  "FE": 666135588.8429753,
  "FFIV": 61513486.94558037,
  "FI": 537851825.3400143,
  "FICO": 20592152.81362932,
  "FIS": 448763645.79281735,
  "FITB": 792070038.9105059,
  "FOX": 675956825.1199303,
  "FOXA": 643274123.2620876,
  "FRT": 86261544.51549433,
  "FSLR": 135331642.3589093,
  "FTNT": 623009729.2724196,
  "FTV": 308034561.805678,
  "GD": 368543912.40650785,
  "GDDY": 79560199.10816136,
  "GE": 1975756304.9682567,
  "GEHC": 469064771.1184521,
  "GEN": 618091821.5613383,
  "GEV": 460084445.6551348,
  "GILD": 1671632176.23498,
  "GIS": 406799316.2393162,
  "GL": 100516278.24230564,
  "GLW": 1550781621.3921902,
  "GM": 1550776730.1905718,
  "GNRC": 56947103.65853658,
  "GOOG": 20541160635.70948,
  "GOOGL": 20662028744.011665,
  "GPC": 154028470.36493832,
  "GPN": 178089679.31132343,
  "GRMN": 195176228.7244215,
  "GS": 502905178.5714286,
  "GWW": 46525596.68592277,
  "HAL": 1018252873.5632185,
  "HAS": 213359572.23001403,
  "HBAN": 1793034332.084894,
  "HCA": 355734429.6942078,
  "HD": 956573392.4953192,
  "HIG": 357472956.4481234,
  "HII": 79918113.88274918,
  "HLT": 290058706.2196186,
  "HOLX": 232927754.53277543,
  "HON": 640477209.709588,
  "HPE": 1339972826.0869567,
  "HPQ": 593648493.9759035,
  "HRL": 425257237.93677205,
  "HSIC": 131192105.64087842,
  "HST": 748582644.6280991,
  "HSY": 242355120.10113782,
  "HUBB": 59503152.88518739,
  "HUM": 123764495.98572703,
  "HWM": 779102716.6193181,
  "IBM": 1294039590.443686,
  "ICE": 662732773.1092436,
  "IDXX": 136256309.05394092,
  "IEX": 67107271.138724394,
  "IFF": 217505653.88397247,
  "INCY": 297434221.71817404,
  "INTC": 11345874673.629244,
  "INTU": 288750140.35256565,
  "INVH": 536494385.73315716,
  "IPG": 122532830.6878307,
  "IQV": 203091553.10670537,
  "IR": 388254309.35417145,
  "IRM": 260613187.03044683,
  "ISRG": 379600343.3978117,
  "IT": 36557402.862985685,
  "ITW": 302206247.4479379,
  "IVZ": 777279951.1002445,
  "J": 126862213.74045801,
  "JBHT": 113006540.82276666,
  "JBL": 157013646.99766052,
  "JCI": 861230485.6343758,
  "JKHY": 79598023.25581396,
  "JNJ": 3466393073.349289,
  "JPM": 3773675324.133906,
  "K": 356170974.65341675,
  "KDP": 1242759052.0079,
  "KEY": 1385105861.2440193,
  "KEYS": 220802740.06571198,
  "KHC": 972332865.6611714,
  "KIM": 638113111.7266852,
  "KKR": 851633435.0386716,
  "KLAC": 269301818.2882909,
  "KMB": 261119797.52530935,
  "KMI": 2142595880.6818182,
  "KMX": 81867015.5731427,
  "KO": 4966536761.093826,
  "KR": 637023849.797023,
  "KVUE": 1546593764.9880095,
  "L": 266392949.58708248,
  "LDOS": 169692117.23768738,
  "LEN": 241506024.09638554,
  "LH": 89978663.79310344,
  "LHX": 301549500.67217207,
  "LII": 30483296.72491231,
  "LKQ": 235711745.2440033,
  "LLY": 1256997124.6405802,
  "LMT": 268412562.76038885,